name,email
Suzy Kincade,skincade0@edublogs.org
Gisele Cornick,gcornick1@scientificamerican.com
Aleece Applegarth,aapplegarth2@alexa.com
Christel Licciardello,clicciardello3@cmu.edu
Saul McGrudder,smcgrudder4@wix.com
Vernon enzley,venzley5@vinaora.com
Cherey Dutson,cdutson6@goo.ne.jp
Wilfrid Bamling,wbamling7@amazon.de
Lynnett Lent,llent8@netlog.com
Shannan Crosswaite,scrosswaite9@comsenz.com
Teirtza Papa,tpapaa@msu.edu
Payton Tanti,ptantib@netvibes.com
Brade Roskelly,broskellyc@europa.eu
Webb Glinde,wglinded@vinaora.com
Jeff Dimbylow,jdimbylowe@japanpost.jp
Katrinka Crother,kcrotherf@g.co
Doug Hopfner,dhopfnerg@google.com.hk
Addy Kleimt,akleimth@dion.ne.jp
Marie-jeanne Basketter,mbasketteri@com.com
Cole Metson,cmetsonj@shutterfly.com
Allianora Gotcher,agotcherk@plala.or.jp
Ted MacWhirter,tmacwhirterl@youtube.com
Valentijn Charlin,vcharlinm@ca.gov
Dyan Ungaretti,dungarettin@hud.gov
Asher Sharple,asharpleo@bizjournals.com
Tildy Clues,tcluesp@ft.com
Jackelyn Andresen,jandresenq@reuters.com
Eulalie Langer,elangerr@ca.gov
Antoinette Shrubb,ashrubbs@sciencedirect.com
Julieta Spurrier,jspurriert@chicagotribune.com
Ronni Prebble,rprebbleu@lulu.com
Danny Lorrie,dlorriev@over-blog.com
Joana Oda,jodaw@furl.net
Crosby Jeanel,cjeanelx@redcross.org
Andy Tippings,atippingsy@wix.com
Mendy Hannum,mhannumz@ameblo.jp
Vasilis Whitfeld,vwhitfeld10@fema.gov
Kassi McBrearty,kmcbrearty11@ucsd.edu
Gillian Grono,ggrono12@thetimes.co.uk
Natalee Swinglehurst,nswinglehurst13@lycos.com
Leonanie Whylie,lwhylie14@google.com.br
Brunhilda Snowsill,bsnowsill15@jimdo.com
Pablo Attle,pattle16@weather.com
Averill Scutter,ascutter17@smh.com.au
Cami Woodlands,cwoodlands18@printfriendly.com
Lauren Paffett,lpaffett19@salon.com
Michal Eccleshall,meccleshall1a@nhs.uk
Margaretta Lumbley,mlumbley1b@oakley.com
Sara-ann Reddy,sreddy1c@google.ru
Raychel Venners,rvenners1d@usa.gov
Lexi Longfoot,llongfoot1e@storify.com
Conrad Ellery,cellery1f@engadget.com
Elenore Sweedland,esweedland1g@marketwatch.com
Elnora Celler,eceller1h@vk.com
Kingsly Ongin,kongin1i@indiatimes.com
Olly Crump,ocrump1j@delicious.com
Vitia Dibbe,vdibbe1k@desdev.cn
Clea Strover,cstrover1l@mtv.com
Mel Wann,mwann1m@angelfire.com
Callie Resun,cresun1n@paypal.com
Lidia Quiddington,lquiddington1o@delicious.com
Sherry O'Criane,socriane1p@angelfire.com
Sigismund Rubinfeld,srubinfeld1q@usatoday.com
Johann Jobin,jjobin1r@meetup.com
Ogden Roos,oroos1s@dailymail.co.uk
Herschel Secker,hsecker1t@ezinearticles.com
Ileane Domnin,idomnin1u@is.gd
Jules Page,jpage1v@opera.com
Candra Rawstorne,crawstorne1w@themeforest.net
Ryan McKenna,rmckenna1x@paypal.com
Annice Preuvost,apreuvost1y@rediff.com
Morie Muzzlewhite,mmuzzlewhite1z@youtu.be
Gayelord Spaxman,gspaxman20@nifty.com
Paxon MacAndreis,pmacandreis21@sciencedirect.com
Giselbert Coade,gcoade22@macromedia.com
Zachery Attew,zattew23@toplist.cz
Mendel Skene,mskene24@google.cn
Brandtr Tomovic,btomovic25@drupal.org
Smitty Adiscot,sadiscot26@foxnews.com
Mischa Samart,msamart27@pcworld.com
Elvin Duplan,eduplan28@washingtonpost.com
Candy Esposi,cesposi29@jimdo.com
Stanton Pavel,spavel2a@sitemeter.com
Dayna Starte,dstarte2b@acquirethisname.com
Anatollo Caplan,acaplan2c@jigsy.com
Ivie Ghilardi,ighilardi2d@ibm.com
Sula Lightollers,slightollers2e@umich.edu
Drud Duddin,dduddin2f@purevolume.com
Millicent Lammin,mlammin2g@qq.com
Horacio Breckell,hbreckell2h@deviantart.com
Augustus Dekeyser,adekeyser2i@abc.net.au
Salem Winterburn,swinterburn2j@washington.edu
Wynn Rough,wrough2k@home.pl
Erinn Cockrem,ecockrem2l@clickbank.net
Jaimie Wilcox,jwilcox2m@furl.net
Sigismondo Ducrow,sducrow2n@hibu.com
Hayley Commusso,hcommusso2o@prweb.com
Sibel Lye,slye2p@tripod.com
Alberik Lindberg,alindberg2q@wikimedia.org
Kattie Giron,kgiron2r@google.com.hk
Rosetta Puddifer,rpuddifer2s@statcounter.com
Belia Burtt,bburtt2t@netvibes.com
Ludvig Frostick,lfrostick2u@gizmodo.com
Adora Vercruysse,avercruysse2v@tumblr.com
Ivette Waycot,iwaycot2w@geocities.com
Jock Ohm,johm2x@usatoday.com
Giana Thirtle,gthirtle2y@blinklist.com
Natty Baskeyfield,nbaskeyfield2z@fc2.com
Noreen Bessom,nbessom30@unicef.org
Orran Pring,opring31@facebook.com
Tabbitha Fillingham,tfillingham32@parallels.com
Mortie Jerisch,mjerisch33@ucoz.com
Auguste Camacke,acamacke34@about.com
Neile Oughtright,noughtright35@linkedin.com
Jimmy Emanuelov,jemanuelov36@abc.net.au
Laurent Wenman,lwenman37@reverbnation.com
Killy Brownlee,kbrownlee38@hud.gov
Leah Adan,ladan39@tumblr.com
Salvidor Angelo,sangelo3a@dailymail.co.uk
Carmine Nendick,cnendick3b@dell.com
Carolynn Hedworth,chedworth3c@theguardian.com
Way MacKerley,wmackerley3d@google.cn
Marnia Gallienne,mgallienne3e@baidu.com
Rollin Mantz,rmantz3f@google.co.jp
Eva Hamby,ehamby3g@illinois.edu
Augustus Huckleby,ahuckleby3h@ustream.tv
Gene Kersey,gkersey3i@fotki.com
Linoel Schutte,lschutte3j@buzzfeed.com
Florida Mattiessen,fmattiessen3k@de.vu
Thayne Derrington,tderrington3l@etsy.com
Raine Hanne,rhanne3m@uiuc.edu
Tonya Troy,ttroy3n@yolasite.com
Mercedes Freed,mfreed3o@artisteer.com
Skippie Acarson,sacarson3p@sciencedaily.com
Leona Loffhead,lloffhead3q@51.la
Wilhelmina Vellacott,wvellacott3r@squidoo.com
Rolando Moar,rmoar3s@unesco.org
Datha Carnilian,dcarnilian3t@google.ca
Reggy Roose,rroose3u@123-reg.co.uk
Merrilee Sehorsch,msehorsch3v@vinaora.com
Swen Schenkel,sschenkel3w@ihg.com
Lavena Mathan,lmathan3x@lulu.com
Bryan O'Calleran,bocalleran3y@bbb.org
Sutherlan Andras,sandras3z@biblegateway.com
Peter Farny,pfarny40@cbc.ca
Jaimie Clendennen,jclendennen41@mapquest.com
Gaspar Threlfall,gthrelfall42@thetimes.co.uk
Frans Blackborne,fblackborne43@washington.edu
Kincaid Hradsky,khradsky44@typepad.com
Jade Daunter,jdaunter45@123-reg.co.uk
Lynn Ludman,lludman46@163.com
Clemmy Frisby,cfrisby47@altervista.org
Dotty Mates,dmates48@ihg.com
Cora Whisson,cwhisson49@4shared.com
Cal Kiddie,ckiddie4a@mit.edu
Lexy Dominick,ldominick4b@sun.com
Wynnie Lunge,wlunge4c@gmpg.org
Hall Borless,hborless4d@rakuten.co.jp
Boigie Sprionghall,bsprionghall4e@icq.com
Willey Barke,wbarke4f@irs.gov
Nahum Winspear,nwinspear4g@bizjournals.com
Dougy Cuppleditch,dcuppleditch4h@columbia.edu
Amos Ferrieri,aferrieri4i@jigsy.com
Ray Fowell,rfowell4j@ask.com
Alonzo Androletti,aandroletti4k@webs.com
Bari Sivewright,bsivewright4l@ca.gov
Selie Martschik,smartschik4m@newsvine.com
Cherida Fitzhenry,cfitzhenry4n@goo.ne.jp
Deloria Downie,ddownie4o@flickr.com
Halsy Cottham,hcottham4p@virginia.edu
Burg Louch,blouch4q@cnet.com
Nettie Anfrey,nanfrey4r@storify.com
Sauveur Roles,sroles4s@tumblr.com
Audry Aleksashin,aaleksashin4t@jalbum.net
Josselyn Gartshore,jgartshore4u@dot.gov
Dawna Goaley,dgoaley4v@flavors.me
Wilbert Sarson,wsarson4w@usda.gov
Sylas Brandenburg,sbrandenburg4x@canalblog.com
Lay Vigours,lvigours4y@discuz.net
Maynord Dancy,mdancy4z@hp.com
Perri Lynnett,plynnett50@soundcloud.com
Cornelius Wightman,cwightman51@printfriendly.com
Ester Arnefield,earnefield52@bbc.co.uk
Dredi Simanenko,dsimanenko53@printfriendly.com
Dru Guildford,dguildford54@goodreads.com
Drucie Greger,dgreger55@engadget.com
Conrade Gherardesci,cgherardesci56@un.org
Novelia Dyton,ndyton57@booking.com
Hyacinth Torresi,htorresi58@bing.com
Aldous Kierans,akierans59@springer.com
Adele Goss,agoss5a@addthis.com
Winna Lismore,wlismore5b@unicef.org
Shel O'Kieran,sokieran5c@123-reg.co.uk
Jarid Klimp,jklimp5d@nytimes.com
Ricky Hackett,rhackett5e@japanpost.jp
Claudia Marciskewski,cmarciskewski5f@reverbnation.com
Arne Breewood,abreewood5g@hhs.gov
Hulda Garment,hgarment5h@nps.gov
Craig Aslum,caslum5i@whitehouse.gov
Betteann Endrighi,bendrighi5j@reference.com
Faythe Beagen,fbeagen5k@webs.com
Gabbi Fores,gfores5l@wikispaces.com
Ives Seabright,iseabright5m@techcrunch.com
Arabela Godfery,agodfery5n@mozilla.org
Raddie Thorp,rthorp5o@chronoengine.com
Riki Eagers,reagers5p@github.com
Jorie Armit,jarmit5q@princeton.edu
Karna Pettecrew,kpettecrew5r@marketwatch.com
Scarlett Mushart,smushart5s@studiopress.com
Liesa Slader,lslader5t@prnewswire.com
Norrie Emblow,nemblow5u@apache.org
Odele Gottelier,ogottelier5v@parallels.com
Xylina Podbury,xpodbury5w@bbc.co.uk
Keen Sachno,ksachno5x@opera.com
Abbie Horburgh,ahorburgh5y@wordpress.org
Myrta Dowdney,mdowdney5z@imgur.com
Cletis Arboine,carboine60@google.co.jp
Park Moehle,pmoehle61@cbc.ca
Vidovic Gerish,vgerish62@aboutads.info
Nicola Beretta,nberetta63@amazon.co.uk
Lonee Harroway,lharroway64@noaa.gov
Amata Rawlison,arawlison65@intel.com
Avie Vint,avint66@shareasale.com
Madelon Gatcliff,mgatcliff67@quantcast.com
Mar Lanfer,mlanfer68@dyndns.org
Daphne Cokly,dcokly69@theguardian.com
Emeline Roubeix,eroubeix6a@google.com.hk
Rhona Holley,rholley6b@cbsnews.com
Bessie Lancley,blancley6c@posterous.com
Brewster Kurt,bkurt6d@google.ru
Bernice Kidgell,bkidgell6e@infoseek.co.jp
Henrie Snartt,hsnartt6f@wufoo.com
Karole Gamon,kgamon6g@oaic.gov.au
Darnall Minifie,dminifie6h@tinyurl.com
Joan Collingworth,jcollingworth6i@washingtonpost.com
Jamey Mullender,jmullender6j@nbcnews.com
Trish Filov,tfilov6k@mapy.cz
Robin Penrith,rpenrith6l@wordpress.com
Timmi Dohms,tdohms6m@cnn.com
Tarra Wahlberg,twahlberg6n@gov.uk
Audre Stubbes,astubbes6o@europa.eu
Vonni Thompkins,vthompkins6p@over-blog.com
Millicent Yockney,myockney6q@google.fr
Rowland Tebbet,rtebbet6r@usa.gov
Donaugh Selly,dselly6s@princeton.edu
Claire Tuckey,ctuckey6t@ustream.tv
Kellen Badder,kbadder6u@naver.com
Ned Steuart,nsteuart6v@myspace.com
Rene Chatain,rchatain6w@seesaa.net
Jillie Exell,jexell6x@google.com.hk
Siusan Paynton,spaynton6y@51.la
Tamma Jopke,tjopke6z@hubpages.com
Algernon Camelli,acamelli70@scientificamerican.com
Franny Luthwood,fluthwood71@prlog.org
Adolf Weller,aweller72@paypal.com
Rahel Vagges,rvagges73@cpanel.net
Silas Gebbie,sgebbie74@flickr.com
Garwin Convery,gconvery75@g.co
Kristina Heinritz,kheinritz76@jugem.jp
Kayla Grimbleby,kgrimbleby77@walmart.com
Carrissa Rookes,crookes78@hc360.com
Currie Brophy,cbrophy79@jalbum.net
Zaccaria Helbeck,zhelbeck7a@pcworld.com
Donalt Stubley,dstubley7b@salon.com
Zita Kellogg,zkellogg7c@mayoclinic.com
Annissa Ayers,aayers7d@networksolutions.com
Fin Brader,fbrader7e@intel.com
Rosie Baudacci,rbaudacci7f@biblegateway.com
Evangeline Madgwick,emadgwick7g@biblegateway.com
Ozzie Bradnocke,obradnocke7h@php.net
Gaylor Dyer,gdyer7i@salon.com
Celene Nerheny,cnerheny7j@reddit.com
Howie Belshaw,hbelshaw7k@umn.edu
Minette Manueau,mmanueau7l@ocn.ne.jp
Daniela Cunney,dcunney7m@wired.com
Laurena Llewellyn,lllewellyn7n@columbia.edu
Peterus Flaunders,pflaunders7o@ucoz.ru
Marisa Scardafield,mscardafield7p@cpanel.net
Xylia Osipov,xosipov7q@scientificamerican.com
Elvin Bisp,ebisp7r@ovh.net
Alexandre Mowbray,amowbray7s@qq.com
Tess Stollenwerck,tstollenwerck7t@whitehouse.gov
Ruperta Dommerque,rdommerque7u@gizmodo.com
Benyamin Missington,bmissington7v@cdc.gov
Melvin Billows,mbillows7w@liveinternet.ru
Tome Broadbere,tbroadbere7x@ameblo.jp
Redd Readmire,rreadmire7y@msu.edu
Birgitta Clewer,bclewer7z@oracle.com
Nicky Fawbert,nfawbert80@tumblr.com
Gabi Coltart,gcoltart81@meetup.com
Bobine Mandeville,bmandeville82@uol.com.br
Weston Barlthrop,wbarlthrop83@unblog.fr
Ara Kose,akose84@blogger.com
Alexi Stutt,astutt85@example.com
Norman Castelin,ncastelin86@smh.com.au
Anthea O'Dulchonta,aodulchonta87@oakley.com
Nollie McGilvary,nmcgilvary88@zimbio.com
Stuart Maxstead,smaxstead89@go.com
Lazarus Giacubbo,lgiacubbo8a@unblog.fr
Randall Roseby,rroseby8b@timesonline.co.uk
Perice Desorts,pdesorts8c@unblog.fr
Nero Vandenhoff,nvandenhoff8d@lulu.com
Shel Pace,space8e@cbsnews.com
Arnold Buchan,abuchan8f@nifty.com
Moira Benedetti,mbenedetti8g@wordpress.com
Roberto Ertel,rertel8h@wunderground.com
Bernie Barff,bbarff8i@adobe.com
Rasla Potkins,rpotkins8j@nasa.gov
Tally Feldmus,tfeldmus8k@example.com
Ellie Itzhayek,eitzhayek8l@nih.gov
Goddart Maffey,gmaffey8m@mashable.com
Sergei Marskell,smarskell8n@topsy.com
Diego Thayre,dthayre8o@wikipedia.org
Leisha Earey,learey8p@yandex.ru
Humberto Jiggen,hjiggen8q@linkedin.com
Samuele Cockcroft,scockcroft8r@istockphoto.com
Etienne Schultheiss,eschultheiss8s@thetimes.co.uk
Ragnar Hatrick,rhatrick8t@unicef.org
Cara Glanders,cglanders8u@a8.net
Eli Currum,ecurrum8v@miibeian.gov.cn
Luci Dobbson,ldobbson8w@cbsnews.com
Elihu Harral,eharral8x@ow.ly
Townsend Karolovsky,tkarolovsky8y@wunderground.com
Raphaela Pauly,rpauly8z@weather.com
Crissie Kearney,ckearney90@bbc.co.uk
Fidelia Harbour,fharbour91@elpais.com
Annabella Kauble,akauble92@creativecommons.org
Amalee Horlick,ahorlick93@rediff.com
Nell Calderhead,ncalderhead94@ox.ac.uk
Nick Duker,nduker95@mac.com
Chickie Rathborne,crathborne96@canalblog.com
Garnet Mankor,gmankor97@last.fm
Sharai Skirlin,sskirlin98@reddit.com
Waly Meadus,wmeadus99@trellian.com
Kenny Gautrey,kgautrey9a@people.com.cn
Kennie Owbridge,kowbridge9b@huffingtonpost.com
Mozes Saull,msaull9c@typepad.com
Davide Cassells,dcassells9d@comsenz.com
Oby Hanby,ohanby9e@go.com
Willard Patience,wpatience9f@abc.net.au
Donni Wilcot,dwilcot9g@whitehouse.gov
Margaretha Baynard,mbaynard9h@alibaba.com
Rhonda Gionettitti,rgionettitti9i@europa.eu
Baron Roundtree,broundtree9j@nsw.gov.au
Joline Pasley,jpasley9k@creativecommons.org
Nil McOmish,nmcomish9l@webs.com
Sibel Faltskog,sfaltskog9m@typepad.com
Brandyn Altham,baltham9n@odnoklassniki.ru
Gustave Brucker,gbrucker9o@unblog.fr
Dwayne Standbrooke,dstandbrooke9p@zdnet.com
Radcliffe Claypoole,rclaypoole9q@prweb.com
Emelita Honniebal,ehonniebal9r@desdev.cn
Barde Leghorn,bleghorn9s@va.gov
Celia Campione,ccampione9t@netlog.com
Damiano Brookes,dbrookes9u@seattletimes.com
Corrine Harry,charry9v@xing.com
Cchaddie Varrow,cvarrow9w@hatena.ne.jp
Mendy Donwell,mdonwell9x@twitter.com
Marwin Macken,mmacken9y@yahoo.co.jp
Debbi Duplock,dduplock9z@unesco.org
Felipe Ockendon,fockendona0@tmall.com
Clement MacRannell,cmacrannella1@booking.com
Wait Rubery,wruberya2@cnbc.com
Tory Kears,tkearsa3@dot.gov
Mavis Decourt,mdecourta4@squarespace.com
Ladonna Haythorne,lhaythornea5@mediafire.com
Joachim Keyzman,jkeyzmana6@google.nl
Kipp Rawson,krawsona7@twitpic.com
Haley Kelway,hkelwaya8@over-blog.com
Keene Rubra,krubraa9@goodreads.com
Wainwright Meritt,wmerittaa@surveymonkey.com
Goddart De Clairmont,gdeab@webs.com
Meggy Lattimer,mlattimerac@home.pl
Guillermo Verne,gvernead@columbia.edu
Minnie Baillie,mbaillieae@nyu.edu
Hildagarde Martyns,hmartynsaf@sun.com
Delano Fesby,dfesbyag@feedburner.com
Annabella Heggie,aheggieah@bloglovin.com
Codie Lordon,clordonai@state.tx.us
Brooks Rabjohns,brabjohnsaj@sina.com.cn
Rutter Kyne,rkyneak@archive.org
Jenda Arnald,jarnaldal@reddit.com
Ileane Burleigh,iburleigham@google.co.uk
Paige McCarle,pmccarlean@princeton.edu
Flossi Kilner,fkilnerao@smh.com.au
Marcie Wolfart,mwolfartap@prlog.org
Willamina Brandi,wbrandiaq@newyorker.com
Lyda Winney,lwinneyar@prlog.org
Casar Fenton,cfentonas@privacy.gov.au
Rancell Nevinson,rnevinsonat@about.com
Madelaine Chansonnau,mchansonnauau@ted.com
Goldia Marlin,gmarlinav@skype.com
Esta Milmith,emilmithaw@globo.com
Ethelin Attfield,eattfieldax@cnet.com
Hartley Fawckner,hfawckneray@macromedia.com
Dasya Wabe,dwabeaz@alibaba.com
Allys Petraitis,apetraitisb0@eventbrite.com
Raynard Davidovich,rdavidovichb1@networksolutions.com
Cathi Kevlin,ckevlinb2@webeden.co.uk
Zeb Moizer,zmoizerb3@hibu.com
Maggi Anders,mandersb4@blog.com
Madonna Mc Carrick,mmcb5@sitemeter.com
Miran Crowne,mcrowneb6@people.com.cn
Ryon Holyard,rholyardb7@home.pl
Tally Derrell,tderrellb8@webs.com
Ignacius Greiswood,igreiswoodb9@multiply.com
Marsiella McCaffery,mmccafferyba@mac.com
Verge Restall,vrestallbb@cargocollective.com
Star Stockley,sstockleybc@answers.com
Siegfried Corzon,scorzonbd@mashable.com
Archibold Goodinge,agoodingebe@princeton.edu
Torrence Burdfield,tburdfieldbf@home.pl
Dionysus Sherbrooke,dsherbrookebg@businessinsider.com
Caren Treppas,ctreppasbh@virginia.edu
Sophronia Warratt,swarrattbi@studiopress.com
Don Jurick,djurickbj@loc.gov
Madelle Monery,mmonerybk@unblog.fr
Uta Hixley,uhixleybl@harvard.edu
Manya Percifull,mpercifullbm@a8.net
Joshuah Chirm,jchirmbn@fda.gov
Marlo Tremlett,mtremlettbo@nytimes.com
Evan Hamments,ehammentsbp@edublogs.org
Adora Dowle,adowlebq@google.co.jp
Jilli Edess,jedessbr@uol.com.br
Ketty Moneti,kmonetibs@engadget.com
Jojo Blewitt,jblewittbt@ycombinator.com
Johnny Benduhn,jbenduhnbu@globo.com
Danica Skynner,dskynnerbv@de.vu
Sashenka Theakston,stheakstonbw@stanford.edu
Dredi Empleton,dempletonbx@apple.com
Liza Ritzman,lritzmanby@mail.ru
Welsh Maillard,wmaillardbz@jugem.jp
Rowe Streatley,rstreatleyc0@lycos.com
Darryl Hartness,dhartnessc1@netvibes.com
Elysia Dresser,edresserc2@dailymotion.com
Wilhelmine Treher,wtreherc3@bloglines.com
Constantin Pashba,cpashbac4@techcrunch.com
Cheston Wenban,cwenbanc5@storify.com
Putnam Sabatini,psabatinic6@phpbb.com
Wenona Bubbins,wbubbinsc7@prlog.org
Sherwynd Youd,syoudc8@youtube.com
Odelia Sainteau,osainteauc9@biglobe.ne.jp
Ricki Divine,rdivineca@geocities.com
Vaughn Sandever,vsandevercb@mapquest.com
Fidelio Curcher,fcurchercc@gmpg.org
Mavis Leet,mleetcd@scientificamerican.com
Scottie Plaster,splasterce@webeden.co.uk
Mychal Antecki,manteckicf@ihg.com
Wildon Maudett,wmaudettcg@deviantart.com
Dianne Mulvenna,dmulvennach@paypal.com
Inness Andover,iandoverci@boston.com
Stephie Haysey,shayseycj@alexa.com
Sidonia Saxon,ssaxonck@youtube.com
Eal Gilding,egildingcl@globo.com
Willette Earp,wearpcm@sakura.ne.jp
Kelcey Baff,kbaffcn@fotki.com
Jorge Deboy,jdeboyco@123-reg.co.uk
Adolphus Cristofolini,acristofolinicp@meetup.com
Cybil MacDonald,cmacdonaldcq@japanpost.jp
Mirabelle Perryman,mperrymancr@omniture.com
Fields Wiffler,fwifflercs@fema.gov
Ara Scholey,ascholeyct@tinypic.com
August Cosbee,acosbeecu@discuz.net
Mimi Loney,mloneycv@whitehouse.gov
Kathrine Ingleton,kingletoncw@washington.edu
Mirabelle Jefferys,mjefferyscx@umn.edu
Annmarie Lowfill,alowfillcy@devhub.com
Otes Kindall,okindallcz@dailymail.co.uk
Rhetta Smalles,rsmallesd0@army.mil
Kendall Gieves,kgievesd1@alibaba.com
Welch Bucknall,wbucknalld2@51.la
Anny Tassaker,atassakerd3@smugmug.com
Eydie Kerwick,ekerwickd4@reference.com
Marika Robart,mrobartd5@vistaprint.com
Gregory Stamper,gstamperd6@squarespace.com
Doria Legh,dleghd7@stumbleupon.com
Bernardina Dimbylow,bdimbylowd8@who.int
Cornelia Descroix,cdescroixd9@salon.com
Shara Wines,swinesda@unc.edu
Gabbi Godmer,ggodmerdb@youku.com
Linette Amps,lampsdc@skyrock.com
Tabbie Raywood,traywooddd@indiegogo.com
Catina Care,ccarede@slideshare.net
Debera Hawkswell,dhawkswelldf@tinyurl.com
Dorella Grigoriev,dgrigorievdg@diigo.com
Cherry Strass,cstrassdh@hubpages.com
Orlan Semple,osempledi@bloglines.com
Willy Toop,wtoopdj@berkeley.edu
Genvieve Scotchford,gscotchforddk@tripadvisor.com
Kingsley Povah,kpovahdl@ihg.com
Danita Finden,dfindendm@list-manage.com
Pascal Peracco,pperaccodn@telegraph.co.uk
Boyd Pocock,bpocockdo@cloudflare.com
Carny Mandres,cmandresdp@usatoday.com
Onida Roll,orolldq@about.me
Inglebert Broadbury,ibroadburydr@google.es
Clotilda Seyers,cseyersds@rediff.com
Randall Vakhrushin,rvakhrushindt@google.ru
Marika Middleton,mmiddletondu@github.com
Penni Chapelle,pchapelledv@livejournal.com
Nerita Flowerdew,nflowerdewdw@hhs.gov
Claire Dene,cdenedx@howstuffworks.com
Fairlie Kember,fkemberdy@marketwatch.com
Myrvyn MacAlester,mmacalesterdz@chron.com
Amandy Roughley,aroughleye0@symantec.com
Vitia Banbrook,vbanbrooke1@wisc.edu
Simone Pippin,spippine2@list-manage.com
Jerrie Crathern,jcratherne3@amazon.co.uk
Lurlene Gotthard,lgottharde4@blogtalkradio.com
Kristofer Benfield,kbenfielde5@unc.edu
Blakelee Garred,bgarrede6@hexun.com
Dimitry Mattia,dmattiae7@dot.gov
Artus Mellonby,amellonbye8@phpbb.com
Giuditta Durrant,gdurrante9@skyrock.com
Nonie Bedingfield,nbedingfieldea@soundcloud.com
Mina O'Currigan,mocurriganeb@a8.net
Cullen Nalder,cnalderec@accuweather.com
Pauline Durn,pdurned@nationalgeographic.com
Sidoney Srawley,ssrawleyee@netvibes.com
Annette Bowller,abowlleref@pagesperso-orange.fr
Erin Mityakov,emityakoveg@home.pl
Pat Rabier,prabiereh@virginia.edu
Catina Bendel,cbendelei@macromedia.com
Gabi Barabisch,gbarabischej@twitter.com
Cristiano Cadle,ccadleek@tripadvisor.com
Nevil Beig,nbeigel@google.com.br
Gianna Jehaes,gjehaesem@google.com.hk
Rosie Kits,rkitsen@list-manage.com
Sabrina Illingworth,sillingwortheo@bbb.org
Ingelbert Joubert,ijoubertep@opensource.org
Jami Cody,jcodyeq@soundcloud.com
Paco Bader,pbaderer@hexun.com
Yvette Feldmesser,yfeldmesseres@odnoklassniki.ru
Kaitlin Sellack,ksellacket@themeforest.net
Frederique Connock,fconnockeu@icio.us
Kasey Demangeot,kdemangeotev@goodreads.com
Christalle Cobbing,ccobbingew@google.com.br
Randi Gaitley,rgaitleyex@friendfeed.com
Alfie Sheridan,asheridaney@nationalgeographic.com
Cosette Stedell,cstedellez@state.gov
Jerry Pestor,jpestorf0@house.gov
Kamillah Simkovich,ksimkovichf1@latimes.com
Karel Bayston,kbaystonf2@dyndns.org
Rodrique O'Brogan,robroganf3@upenn.edu
Denny Randell,drandellf4@multiply.com
Emlyn Rhead,erheadf5@earthlink.net
Heywood Buzin,hbuzinf6@msn.com
Levy Mifflin,lmifflinf7@ocn.ne.jp
Adora Grinyov,agrinyovf8@wikispaces.com
Nikolaus Isard,nisardf9@mit.edu
Alfie Sidebotton,asidebottonfa@wsj.com
Lindy Ellerby,lellerbyfb@ocn.ne.jp
Lynn Briscoe,lbriscoefc@mail.ru
Claudetta Schulke,cschulkefd@chicagotribune.com
Casie Antrim,cantrimfe@phpbb.com
Adeline Furnival,afurnivalff@free.fr
Ravi Maywood,rmaywoodfg@loc.gov
Briggs Trank,btrankfh@constantcontact.com
Adelice Bernardt,abernardtfi@reference.com
Aubine Rohan,arohanfj@newsvine.com
Sabra Hinstock,shinstockfk@wordpress.org
Nicko Staddon,nstaddonfl@ameblo.jp
Andre Iowarch,aiowarchfm@networksolutions.com
Ilene Springle,ispringlefn@nytimes.com
Cosme Philbin,cphilbinfo@merriam-webster.com
Mae Glendza,mglendzafp@statcounter.com
Pietrek Writtle,pwrittlefq@bloglovin.com
Krissie Teideman,kteidemanfr@so-net.ne.jp
Alikee Jeans,ajeansfs@state.tx.us
Anne Fermer,afermerft@jiathis.com
Lion Lancetter,llancetterfu@mapy.cz
Thor Dun,tdunfv@bloglovin.com
Sukey Andreia,sandreiafw@shutterfly.com
Caroline Dudbridge,cdudbridgefx@g.co
Beverie Kemet,bkemetfy@lycos.com
Marji Markwelley,mmarkwelleyfz@macromedia.com
Phyllys Paprotny,ppaprotnyg0@vkontakte.ru
Bethena Swainson,bswainsong1@cornell.edu
Yorgo Paulitschke,ypaulitschkeg2@tuttocitta.it
Paolo Mc Ilwrick,pmcg3@psu.edu
Tome Reddings,treddingsg4@hugedomains.com
Hamel Downing,hdowningg5@joomla.org
Leeanne Hache,lhacheg6@drupal.org
Elmira Mahoney,emahoneyg7@umn.edu
Phoebe Percifer,pperciferg8@vk.com
Lona Sorensen,lsorenseng9@ed.gov
Mandi Marshland,mmarshlandga@paypal.com
Georgina Tayloe,gtayloegb@unblog.fr
Nady Simonelli,nsimonelligc@ask.com
Ferdinanda Tarver,ftarvergd@indiatimes.com
Richardo Ciric,rciricge@simplemachines.org
Caralie Connew,cconnewgf@xinhuanet.com
Binni Gane,bganegg@forbes.com
Alvin Mandy,amandygh@sbwire.com
Cecilius Galsworthy,cgalsworthygi@phpbb.com
Lorenza Chamberlen,lchamberlengj@people.com.cn
Jessalin Adamik,jadamikgk@nasa.gov
Wernher Cowling,wcowlinggl@facebook.com
Jesse Pilsbury,jpilsburygm@thetimes.co.uk
Reinaldo Douglass,rdouglassgn@zimbio.com
Pearline Van der Hoven,pvango@livejournal.com
Jackie Groombridge,jgroombridgegp@blinklist.com
Ardene Siemens,asiemensgq@arizona.edu
Stacee Tabour,stabourgr@sfgate.com
Bethany Daveren,bdaverengs@china.com.cn
Fairfax Maunder,fmaundergt@home.pl
Cheston Lynagh,clynaghgu@sohu.com
Rebeca Danzelman,rdanzelmangv@mapy.cz
Jarvis Sparshott,jsparshottgw@marketwatch.com
Clemence Sutterby,csutterbygx@hao123.com
Bryna Conybear,bconybeargy@jugem.jp
Shalna Casaccio,scasacciogz@blogspot.com
Zondra Isaacson,zisaacsonh0@tinyurl.com
Lauraine Cassimer,lcassimerh1@chicagotribune.com
Onida Hanselman,ohanselmanh2@w3.org
Barthel Derr,bderrh3@google.co.jp
Renault Jezzard,rjezzardh4@alexa.com
Suzanna Dorrity,sdorrityh5@google.co.uk
Carmela Saffen,csaffenh6@myspace.com
Brnaby Breming,bbremingh7@omniture.com
Verna Baszniak,vbaszniakh8@vimeo.com
Pierette Jakeman,pjakemanh9@com.com
Pierette Trousdale,ptrousdaleha@hao123.com
Nikita Batiste,nbatistehb@hexun.com
Sonnnie Huckell,shuckellhc@sogou.com
Creighton Shouler,cshoulerhd@instagram.com
Taite Blethin,tblethinhe@qq.com
Orelle Casebourne,ocasebournehf@cocolog-nifty.com
Eberhard Lishmund,elishmundhg@meetup.com
Sigismundo Athy,sathyhh@histats.com
Brynna Holdall,bholdallhi@typepad.com
Clementia Romer,cromerhj@soup.io
Waiter Dyerson,wdyersonhk@taobao.com
Lanie Harnett,lharnetthl@about.me
Margarethe Abthorpe,mabthorpehm@123-reg.co.uk
Rodi Bowles,rbowleshn@cbc.ca
Milton Jenk,mjenkho@dagondesign.com
Joly Rearden,jreardenhp@uiuc.edu
Alli Pitford,apitfordhq@spiegel.de
Kaylil Caddie,kcaddiehr@cdc.gov
Margi Oslar,moslarhs@eepurl.com
Graeme Jellis,gjellisht@tmall.com
Ruperta Kittiman,rkittimanhu@symantec.com
Teena Dinnage,tdinnagehv@ameblo.jp
Olwen Hadgkiss,ohadgkisshw@hc360.com
Tracey Gullivan,tgullivanhx@nsw.gov.au
Maurise Newsome,mnewsomehy@cnn.com
Davon Tombleson,dtomblesonhz@example.com
Alexio Placidi,aplacidii0@harvard.edu
Ophelia Leversha,olevershai1@dedecms.com
Maegan Skyrme,mskyrmei2@cnn.com
Damara O'Fearguise,dofearguisei3@usgs.gov
Mohandas Didsbury,mdidsburyi4@intel.com
Barn Scole,bscolei5@phpbb.com
Cristine Anyene,canyenei6@bloomberg.com
Donnie Aishford,daishfordi7@independent.co.uk
Carlynne McGaugie,cmcgaugiei8@wisc.edu
Bobbye Giacobazzi,bgiacobazzii9@forbes.com
Chaunce Oxenbury,coxenburyia@zimbio.com
Roth Fellos,rfellosib@netlog.com
Milton Leathlay,mleathlayic@ed.gov
Dita Salvador,dsalvadorid@abc.net.au
Micheline Kleinstern,mkleinsternie@deliciousdays.com
Laurel Allom,lallomif@t.co
Della Angelo,dangeloig@house.gov
Blinny Mallock,bmallockih@nymag.com
Jacqui Yeandel,jyeandelii@bravesites.com
Joshua Souness,jsounessij@wsj.com
Eleen Rizzone,erizzoneik@woothemes.com
Rockwell Dockrey,rdockreyil@economist.com
Stefa Gehrels,sgehrelsim@admin.ch
Cecilia Sotworth,csotworthin@kickstarter.com
Blondy Wyer,bwyerio@paginegialle.it
Katherina Wakefield,kwakefieldip@craigslist.org
Cinnamon Chomley,cchomleyiq@merriam-webster.com
Torrin Pessel,tpesselir@usgs.gov
Sarah Arrighini,sarrighiniis@163.com
Jamil Martynov,jmartynovit@yandex.ru
Farlie Cadwaladr,fcadwaladriu@prlog.org
Jabez Cullinan,jcullinaniv@live.com
Mireielle Surmeyer,msurmeyeriw@diigo.com
Reilly Riddington,rriddingtonix@google.com
Henrie Grasha,hgrashaiy@drupal.org
Celia Glanville,cglanvilleiz@clickbank.net
Charleen Donovin,cdonovinj0@istockphoto.com
Abbe Tesche,ateschej1@prweb.com
Hirsch Braunle,hbraunlej2@feedburner.com
Buiron Reiner,breinerj3@google.nl
Simeon Imesen,simesenj4@hibu.com
Jethro Collicott,jcollicottj5@google.com.au
Julina Dominico,jdominicoj6@seesaa.net
Reuben Rignoldes,rrignoldesj7@fema.gov
Sancho Sparwell,ssparwellj8@multiply.com
Thor Precious,tpreciousj9@reddit.com
Philippe Bullocke,pbullockeja@topsy.com
Had Mateos,hmateosjb@nationalgeographic.com
Jammie Bortolutti,jbortoluttijc@usa.gov
Carlie Wallsworth,cwallsworthjd@icio.us
Frederick Sulley,fsulleyje@imageshack.us
Claudelle Cowl,ccowljf@amazon.co.jp
Georgy Fawley,gfawleyjg@blog.com
Rabi Dunmore,rdunmorejh@newsvine.com
Babb Coolson,bcoolsonji@stanford.edu
Ethyl Di Francecshi,edijj@pagesperso-orange.fr
Arabel Ivanin,aivaninjk@addthis.com
Lura Cuesta,lcuestajl@hp.com
Rozanne Christofe,rchristofejm@reddit.com
Seymour Schott,sschottjn@macromedia.com
Sean Chatt,schattjo@canalblog.com
Filberto Simnett,fsimnettjp@globo.com
Harmony Blaes,hblaesjq@auda.org.au
Susy Ballston,sballstonjr@mashable.com
Akim Tomaini,atomainijs@elpais.com
Estella Moulden,emouldenjt@imdb.com
Uta Viner,uvinerju@ibm.com
Paquito Bollins,pbollinsjv@tripadvisor.com
Yorgo Goodchild,ygoodchildjw@soundcloud.com
Alene Sandey,asandeyjx@tmall.com
Rafferty Padbury,rpadburyjy@hibu.com
Cornell MacTrusty,cmactrustyjz@ebay.com
Georgia Hariot,ghariotk0@chron.com
Lydia Lofts,lloftsk1@netlog.com
Edita Dudny,edudnyk2@g.co
Max Josse,mjossek3@salon.com
Ephraim Rojahn,erojahnk4@mozilla.org
Buddy Erlam,berlamk5@mapquest.com
Monica Caughey,mcaugheyk6@360.cn
Fairleigh Bontoft,fbontoftk7@bbb.org
Natala Gerhartz,ngerhartzk8@google.pl
Harrison Elleyne,helleynek9@exblog.jp
Hunfredo Shapter,hshapterka@ox.ac.uk
Tremayne Mathes,tmatheskb@skyrock.com
Jarrid Huskinson,jhuskinsonkc@opera.com
Caron Ellcome,cellcomekd@aboutads.info
Mariam Arundale,marundaleke@istockphoto.com
Aveline MacKnight,amacknightkf@liveinternet.ru
Merralee Maeer,mmaeerkg@yahoo.com
Baird Cud,bcudkh@rambler.ru
Adams Kidsley,akidsleyki@nsw.gov.au
Garwin Lincoln,glincolnkj@archive.org
Ewen Shasnan,eshasnankk@nifty.com
Conan Lote,clotekl@cpanel.net
Rina Studeart,rstudeartkm@dedecms.com
Francis Mullaney,fmullaneykn@over-blog.com
Gerik Fearne,gfearneko@seesaa.net
Hildagarde January,hjanuarykp@angelfire.com
Gwenore Eustanch,geustanchkq@wikia.com
Hobard Pyrah,hpyrahkr@google.it
Gladys Rikkard,grikkardks@qq.com
Maire Stave,mstavekt@sogou.com
Frans Gason,fgasonku@newsvine.com
Homer Issard,hissardkv@omniture.com
Lilith Sterry,lsterrykw@adobe.com
Moss Willment,mwillmentkx@geocities.com
Crawford Rosentholer,crosentholerky@google.ru
Roch Bolt,rboltkz@theatlantic.com
Oralie Vasser,ovasserl0@bizjournals.com
Colan Hallifax,challifaxl1@rakuten.co.jp
Jaclin Ferne,jfernel2@marriott.com
Abbie Roubeix,aroubeixl3@twitpic.com
Belicia Mundle,bmundlel4@businessinsider.com
Isadora Lownes,ilownesl5@photobucket.com
Garvin Bromley,gbromleyl6@nasa.gov
Ardenia Hargrove,ahargrovel7@senate.gov
Nowell Leile,nleilel8@drupal.org
Reynold Atyea,ratyeal9@buzzfeed.com
Mara Masdin,mmasdinla@wunderground.com
Katharina Damato,kdamatolb@comsenz.com
Lotte Pennigar,lpennigarlc@scribd.com
Fiona MacTeague,fmacteagueld@ycombinator.com
Errick Horrigan,ehorriganle@goodreads.com
Hinze Pinching,hpinchinglf@gizmodo.com
Emmalee Lornsen,elornsenlg@acquirethisname.com
Darb Baumert,dbaumertlh@google.com.hk
Zelda Jeannet,zjeannetli@unesco.org
Petronilla Braisby,pbraisbylj@about.me
Viva Hefferan,vhefferanlk@irs.gov
Rolfe Gouinlock,rgouinlockll@va.gov
Olav Taysbil,otaysbillm@chicagotribune.com
Patrica Wiffield,pwiffieldln@tripod.com
Del Von Der Empten,dvonlo@goo.gl
Hillary Stiegers,hstiegerslp@ucsd.edu
Kasper Spaunton,kspauntonlq@ed.gov
Cosme Clarke-Williams,cclarkewilliamslr@addtoany.com
Michaella Fevier,mfevierls@nifty.com
Salaidh Trafford,straffordlt@wired.com
Cele Oldknow,coldknowlu@1und1.de
Ashli Burrow,aburrowlv@topsy.com
Aubree Piggin,apigginlw@tmall.com
Abbi Abramov,aabramovlx@virginia.edu
Atlanta Brandsen,abrandsenly@sun.com
Ker Airey,kaireylz@php.net
Myrwyn Jindracek,mjindracekm0@bloomberg.com
Clayson Pirdy,cpirdym1@boston.com
Anne-corinne Calltone,acalltonem2@123-reg.co.uk
Eloise Jowle,ejowlem3@qq.com
Otes McGraffin,omcgraffinm4@omniture.com
Saloma Stagg,sstaggm5@wordpress.com
Rachel Rosenbusch,rrosenbuschm6@adobe.com
Giuditta Kolakowski,gkolakowskim7@geocities.com
Victor Sinkinson,vsinkinsonm8@apache.org
Wainwright Barlie,wbarliem9@va.gov
Haven Rowlett,hrowlettma@springer.com
Alvy Forte,afortemb@forbes.com
Carl Prene,cprenemc@hubpages.com
Guinevere Ivanchikov,givanchikovmd@microsoft.com
Pietra Tulk,ptulkme@google.fr
Georgi Kitchingman,gkitchingmanmf@ameblo.jp
Maure Pandie,mpandiemg@google.ru
Sallyann Sine,ssinemh@twitter.com
Deonne Terzo,dterzomi@opensource.org
Jeromy Gillions,jgillionsmj@aboutads.info
Leone Woan,lwoanmk@examiner.com
Adler Haddon,ahaddonml@over-blog.com
Benoite Rigate,brigatemm@so-net.ne.jp
Kai Lunny,klunnymn@macromedia.com
Ruthann Exley,rexleymo@msn.com
Skip McDaid,smcdaidmp@ucla.edu
Jamie Farnes,jfarnesmq@arizona.edu
Leif Honnicott,lhonnicottmr@blogs.com
Dylan Wincer,dwincerms@amazonaws.com
Agathe Halloway,ahallowaymt@theguardian.com
Karlen Klasing,kklasingmu@123-reg.co.uk
Wilbert Pinckard,wpinckardmv@clickbank.net
Demetris Hubbock,dhubbockmw@google.fr
Hieronymus Dungee,hdungeemx@unicef.org
Noelyn Tunuy,ntunuymy@tumblr.com
Linus Aleavy,laleavymz@dedecms.com
Callean Jeffries,cjeffriesn0@blogs.com
Aluin Burkett,aburkettn1@elpais.com
Valerie Poulston,vpoulstonn2@de.vu
Carree Bibby,cbibbyn3@e-recht24.de
Yehudit Jouning,yjouningn4@toplist.cz
Carena Delacourt,cdelacourtn5@mozilla.com
Nerti Hollidge,nhollidgen6@shinystat.com
Rolph Bome,rbomen7@howstuffworks.com
Stanislaus Krollmann,skrollmannn8@loc.gov
Reine Lamswood,rlamswoodn9@yale.edu
Caroline Tokell,ctokellna@weather.com
Vevay Curston,vcurstonnb@toplist.cz
Terrye Fronks,tfronksnc@cnbc.com
Gert Gorbell,ggorbellnd@utexas.edu
Dollie Hamel,dhamelne@comcast.net
Aguie Grint,agrintnf@cyberchimps.com
Dennie Fyndon,dfyndonng@ihg.com
Carol Wiggins,cwigginsnh@github.io
Jodee Yates,jyatesni@prlog.org
Legra Nehl,lnehlnj@pinterest.com
Leonelle Kornilov,lkornilovnk@virginia.edu
Rourke Itzcovich,ritzcovichnl@state.gov
Anett Beathem,abeathemnm@sciencedaily.com
Kimberlyn De Caroli,kdenn@ning.com
Gareth Shervil,gshervilno@deliciousdays.com
Morten Baber,mbabernp@auda.org.au
Lionello Godman,lgodmannq@admin.ch
Eimile Koenen,ekoenennr@toplist.cz
Nickie Haslam,nhaslamns@nsw.gov.au
Margit Ayling,maylingnt@blinklist.com
Hobart Lambourn,hlambournnu@fema.gov
Jill Cathee,jcatheenv@economist.com
Robinetta Sharland,rsharlandnw@elpais.com
Frieda Nelhams,fnelhamsnx@businesswire.com
Leone Lonsbrough,llonsbroughny@ustream.tv
Chadwick Moisey,cmoiseynz@1688.com
Clarita Boughtwood,cboughtwoodo0@google.com
Shelly Dodgson,sdodgsono1@studiopress.com
Gerda Baddam,gbaddamo2@ca.gov
Grethel Tipperton,gtippertono3@vk.com
Lissy Safe,lsafeo4@amazon.com
Cyrill Sturdy,csturdyo5@ustream.tv
Marika Zecchetti,mzecchettio6@blog.com
Ruddy Rivel,rrivelo7@chicagotribune.com
Olenka Starte,ostarteo8@cisco.com
Cosetta Danjoie,cdanjoieo9@google.co.uk
Galvin Rutland,grutlandoa@nasa.gov
Eamon Easbie,eeasbieob@google.es
Nara Griffiths,ngriffithsoc@tripod.com
Jenna Imore,jimoreod@flavors.me
Ellerey Skellington,eskellingtonoe@squarespace.com
Tony Hovey,thoveyof@unblog.fr
Tara Greathead,tgreatheadog@nyu.edu
Madella Golding,mgoldingoh@dailymail.co.uk
Jareb McKevany,jmckevanyoi@jimdo.com
Phillida Geeson,pgeesonoj@dropbox.com
Lorrie Stive,lstiveok@indiatimes.com
Thomasine Gildroy,tgildroyol@discovery.com
Kordula Bernaciak,kbernaciakom@twitter.com
Urban Storrar,ustorraron@yale.edu
Jonathon Jeff,jjeffoo@icq.com
Anthe Sheilds,asheildsop@typepad.com
Heindrick Kittredge,hkittredgeoq@msn.com
Christophe Spaice,cspaiceor@columbia.edu
Asia Nickoles,anickolesos@hud.gov
Riva Carmichael,rcarmichaelot@si.edu
Arnuad Ambrosetti,aambrosettiou@fema.gov
Nikaniki Braund,nbraundov@comcast.net
Demetre Dring,ddringow@123-reg.co.uk
Ruthy Jermy,rjermyox@gnu.org
Peder Tipperton,ptippertonoy@oracle.com
Daryle Orchard,dorchardoz@indiegogo.com
Karlens Feakins,kfeakinsp0@google.ru
Brenn Dillinton,bdillintonp1@imgur.com
Aretha MacPadene,amacpadenep2@desdev.cn
Kingsly Churchard,kchurchardp3@utexas.edu
Randa Byard,rbyardp4@fc2.com
Win McEntegart,wmcentegartp5@mediafire.com
Eldin Froschauer,efroschauerp6@goodreads.com
Patrizia Pleavin,ppleavinp7@wix.com
Rasia Bromidge,rbromidgep8@wunderground.com
Dewitt Lill,dlillp9@seesaa.net
Griffith Trump,gtrumppa@mtv.com
Rochette Gansbuhler,rgansbuhlerpb@hc360.com
Ulberto Glass,uglasspc@instagram.com
Tye Ilyuchyov,tilyuchyovpd@vkontakte.ru
Remy Tansly,rtanslype@nih.gov
Richardo Heindle,rheindlepf@infoseek.co.jp
Murry Matejovsky,mmatejovskypg@topsy.com
Guglielma Jacobson,gjacobsonph@ihg.com
Georgeanne Alelsandrowicz,galelsandrowiczpi@craigslist.org
Dorree Genney,dgenneypj@stanford.edu
Anet Boolsen,aboolsenpk@who.int
Marji Crissil,mcrissilpl@dailymail.co.uk
Audy Sylett,asylettpm@seattletimes.com
Regan Stains,rstainspn@merriam-webster.com
Georg Britnell,gbritnellpo@taobao.com
Maurise Groven,mgrovenpp@scribd.com
Karalynn Parriss,kparrisspq@sogou.com
Tilly Doogue,tdooguepr@youku.com
Xymenes Tremelling,xtremellingps@reddit.com
Etan Rosenstein,erosensteinpt@cargocollective.com
Hank Burner,hburnerpu@constantcontact.com
Arabelle Callow,acallowpv@usnews.com
Bibbie Cassin,bcassinpw@dot.gov
Judye Lecky,jleckypx@amazon.com
Gabbi Leban,glebanpy@sciencedirect.com
Graham Mewrcik,gmewrcikpz@acquirethisname.com
Tommie Chamberlain,tchamberlainq0@google.com
Eydie Tailby,etailbyq1@usda.gov
Selie Jillard,sjillardq2@newsvine.com
Margo Studdal,mstuddalq3@ebay.com
Graeme Trevithick,gtrevithickq4@comcast.net
Yolanda Brixham,ybrixhamq5@google.es
Arel Armal,aarmalq6@unicef.org
Herc Henniger,hhennigerq7@ed.gov
Darnell Brannigan,dbranniganq8@odnoklassniki.ru
Joby Kendal,jkendalq9@hp.com
Dagmar Canada,dcanadaqa@discovery.com
Deb Izon,dizonqb@cpanel.net
Cyndi Hrishanok,chrishanokqc@ed.gov
Alaric Detheridge,adetheridgeqd@yale.edu
Koressa Mingey,kmingeyqe@dropbox.com
Bryana Gallymore,bgallymoreqf@amazon.co.uk
Charlton Kenworthy,ckenworthyqg@squarespace.com
Minnaminnie Odgers,modgersqh@parallels.com
Angela Kelmere,akelmereqi@tripod.com
Jim Vaan,jvaanqj@blogtalkradio.com
Grace Rojel,grojelqk@smugmug.com
Allianora Hurford,ahurfordql@state.gov
Lovell Worley,lworleyqm@berkeley.edu
Terra Dryburgh,tdryburghqn@whitehouse.gov
Artemas Shotbolt,ashotboltqo@wunderground.com
Farris Boggish,fboggishqp@angelfire.com
Layne Satcher,lsatcherqq@hexun.com
Matelda Shea,msheaqr@prnewswire.com
Rurik Fossord,rfossordqs@pen.io
Blake Rubinfeld,brubinfeldqt@51.la
Konstanze Powdrill,kpowdrillqu@usgs.gov
Callida Mandifield,cmandifieldqv@icio.us
Parry Phelps,pphelpsqw@mapy.cz
Terry Piatto,tpiattoqx@imageshack.us
Alli Miskin,amiskinqy@artisteer.com
Ashby Aicheson,aaichesonqz@skype.com
Rey Rockell,rrockellr0@chronoengine.com
Lorettalorna Hambelton,lhambeltonr1@umn.edu
Christie Bryson,cbrysonr2@java.com
Pyotr Flewin,pflewinr3@storify.com
Almire Bockett,abockettr4@cam.ac.uk
Kenyon de Broke,kder5@ifeng.com
Eleonore Duval,eduvalr6@ox.ac.uk
Borden Ison,bisonr7@wikispaces.com
Lucias Wonfor,lwonforr8@hao123.com
Marnia Tuhy,mtuhyr9@about.me
Charmine Burkert,cburkertra@dell.com
Adlai Kik,akikrb@surveymonkey.com
Kiri Fawdery,kfawderyrc@jimdo.com
Esdras Thorowgood,ethorowgoodrd@deviantart.com
Shauna Courage,scouragere@google.it
Monique McMoyer,mmcmoyerrf@xrea.com
Michel Marzele,mmarzelerg@quantcast.com
Hermina Mebs,hmebsrh@cbslocal.com
Loren Gopsill,lgopsillri@bizjournals.com
Aymer Kellog,akellogrj@sourceforge.net
Dylan Duhig,dduhigrk@ocn.ne.jp
Zondra Casoni,zcasonirl@yahoo.com
Alfie Donaho,adonahorm@blogspot.com
Belva McIlvenna,bmcilvennarn@accuweather.com
Essie Cockerham,ecockerhamro@bandcamp.com
Wanda Reddoch,wreddochrp@sogou.com
Maighdiln Very,mveryrq@networkadvertising.org
Anette Rowth,arowthrr@shutterfly.com
